"analysis","model","condition","success","n","proportion","percent","ci_low","ci_high","ci_low_percent","ci_high_percent"
"Repair recovery | Initial failure","Qwen","C0",29,67,0.432835820895522,43.2835820895522,0.321043114975417,0.551912635092071,32.1043114975418,55.1912635092071
"Repair recovery | Initial failure","Qwen","C1",21,29,0.724137931034483,72.4137931034483,0.542828675831341,0.85301244897912,54.2828675831341,85.301244897912
"Repair recovery | Initial failure","DeepSeek","C0",25,25,1,100,0.866807749060952,1,86.6807749060952,100
"Repair recovery | Initial failure","DeepSeek","C1",11,11,1,100,0.741167033031968,1,74.1167033031968,100
"Repair recovery | Initial failure","GPT","C0",20,20,1,100,0.838874841947181,1,83.8874841947181,100
"Repair recovery | Initial failure","GPT","C1",21,22,0.954545454545455,95.4545454545455,0.782019541613427,0.991930572378736,78.2019541613427,99.1930572378736
"Repair recovery | Initial failure","Qwen","Overall",50,96,0.520833333333333,52.0833333333333,0.422037677068089,0.618025840104508,42.2037677068089,61.8025840104508
"Repair recovery | Initial failure","DeepSeek","Overall",36,36,1,100,0.903581371405536,1,90.3581371405536,100
"Repair recovery | Initial failure","GPT","Overall",41,42,0.976190476190476,97.6190476190476,0.876787984262333,0.995784595865567,87.6787984262333,99.5784595865567
