check_id,status,expected,actual,detail
V011_01_schema,PASS,required columns present,all present,
V011_02_rows,PASS,540,540,
V011_03_unique_keys,PASS,540,540,
V011_04_tasks,PASS,90,90,
V011_05_six_rows_per_task,PASS,6 per task,checked 90 tasks,
V011_06_condition_normalization,PASS,"['C0', 'C1']","['C0', 'C1']",
V011_07_categories,PASS,"{'A': 15, 'B': 15, 'C': 15, 'D': 15, 'E': 15, 'F': 15}","{'A': 15, 'B': 15, 'C': 15, 'D': 15, 'E': 15, 'F': 15}",
V011_08_initial_counts,PASS,"{('Qwen', 'C0'): (23, 90), ('Qwen', 'C1'): (61, 90), ('DeepSeek', 'C0'): (65, 90), ('DeepSeek', 'C1'): (79, 90), ('GPT', 'C0'): (70, 90), ('GPT', 'C1'): (68, 90)}","{('Qwen', 'C0'): (23, 90), ('Qwen', 'C1'): (61, 90), ('DeepSeek', 'C0'): (65, 90), ('DeepSeek', 'C1'): (79, 90), ('GPT', 'C0'): (70, 90), ('GPT', 'C1'): (68, 90)}",
V011_09_repair_counts,PASS,"{('Qwen', 'C0'): (29, 67), ('Qwen', 'C1'): (21, 29), ('DeepSeek', 'C0'): (25, 25), ('DeepSeek', 'C1'): (11, 11), ('GPT', 'C0'): (20, 20), ('GPT', 'C1'): (21, 22)}","{('Qwen', 'C0'): (29, 67), ('Qwen', 'C1'): (21, 29), ('DeepSeek', 'C0'): (25, 25), ('DeepSeek', 'C1'): (11, 11), ('GPT', 'C0'): (20, 20), ('GPT', 'C1'): (21, 22)}",
V011_10_final_counts,PASS,"{('Qwen', 'C0'): (52, 90), ('Qwen', 'C1'): (82, 90), ('DeepSeek', 'C0'): (90, 90), ('DeepSeek', 'C1'): (90, 90), ('GPT', 'C0'): (90, 90), ('GPT', 'C1'): (89, 90)}","{('Qwen', 'C0'): (52, 90), ('Qwen', 'C1'): (82, 90), ('DeepSeek', 'C0'): (90, 90), ('DeepSeek', 'C1'): (90, 90), ('GPT', 'C0'): (90, 90), ('GPT', 'C1'): (89, 90)}",
V011_11_transitions,PASS,"{'Qwen': {'PASS→PASS': 22, 'FAIL→PASS': 39, 'PASS→FAIL': 1, 'FAIL→FAIL': 28}, 'DeepSeek': {'PASS→PASS': 64, 'FAIL→PASS': 15, 'PASS→FAIL': 1, 'FAIL→FAIL': 10}, 'GPT': {'PASS→PASS': 63, 'FAIL→PASS': 5, 'PASS→FAIL': 7, 'FAIL→FAIL': 15}}","{'Qwen': {'PASS→PASS': 22, 'FAIL→PASS': 39, 'FAIL→FAIL': 28, 'PASS→FAIL': 1}, 'DeepSeek': {'PASS→PASS': 64, 'FAIL→FAIL': 10, 'FAIL→PASS': 15, 'PASS→FAIL': 1}, 'GPT': {'FAIL→FAIL': 15, 'FAIL→PASS': 5, 'PASS→PASS': 63, 'PASS→FAIL': 7}}",
V011_12_repair_eligibility_logic,PASS,eligible iff Initial failure,True,
V011_13_final_logic,PASS,Initial success OR successful repair,True,
V011_14_failure_layers,PASS,"{'Qwen': Counter({'STATIC': 95, 'PARSE': 1}), 'DeepSeek': Counter({'STATIC': 36}), 'GPT': Counter({'STATIC': 42})}","{'Qwen': Counter({'STATIC': 95, 'PARSE': 1}), 'DeepSeek': Counter({'STATIC': 36}), 'GPT': Counter({'STATIC': 42})}",
V011_15_parser_fix_rows,PASS,"[('GPT', 'C1', 'F_A03'), ('GPT', 'C1', 'F_A15')]","[('GPT', 'C1', 'F_A03'), ('GPT', 'C1', 'F_A15')]",
V011_16_parser_version,PASS,0.1.1 for authoritative rows,Counter({'0.1.1': 540}),
V011_17_parser_special_outcomes,PASS,F_A03 PASS; F_A15 STATIC FAIL,"(True, False, 'STATIC')",
V011_18_gpt_remaining,PASS,"only GPT C1/F_E08, STATIC","[('C1', 'F_E08', 'STATIC')]",
V011_19_initial_runtime_evidence,PASS,all Initial successes executed with application ID,checked,
V011_20_repair_runtime_evidence,PASS,all successful repairs executed with application ID,checked,
V011_21_manifest_hash,PASS,cb8418c2861be415ce80fa3738a5c170805d5e24fe2db7cf94b89c49cc1b5320,cb8418c2861be415ce80fa3738a5c170805d5e24fe2db7cf94b89c49cc1b5320,
