blind_case_id,model,condition,task_id,case_decision,sensitivity_candidate_pass,extra_count,extra_decisions_json,case_rationale
BY006,deepseek,C0_closed_book,F_A04,BENIGN,True,2,"[{""key"":""spark.master"",""value"":""yarn"",""decision"":""BENIGN"",""reason_code"":""B_ENVIRONMENT_RESTATEMENT"",""rationale"":""The task is explicitly framed for YARN and the benchmark execution environment is YARN; '--master yarn' restates that frozen environment without changing any task-required value/source.""},{""key"":""spark.submit.deployMode"",""value"":""cluster"",""decision"":""BENIGN"",""reason_code"":""B_ENVIRONMENT_RESTATEMENT"",""rationale"":""The formal execution harness uses YARN cluster mode; explicit '--deploy-mode cluster' restates the frozen execution environment for a task that does not itself test deploy mode.""}]",All unauthorized extras satisfy the frozen BENIGN criteria.
BY063,deepseek,C0_closed_book,F_A06,BENIGN,True,3,"[{""key"":""spark.executor.cores"",""value"":""1"",""decision"":""BENIGN"",""reason_code"":""B_DUPLICATE_EQUIVALENT"",""rationale"":""Spark 3.5.9 uses 1 executor core by default on YARN; the task does not constrain cores, so explicitly setting 1 duplicates the default behavior.""},{""key"":""spark.master"",""value"":""yarn"",""decision"":""BENIGN"",""reason_code"":""B_ENVIRONMENT_RESTATEMENT"",""rationale"":""The task is explicitly framed for YARN and the benchmark execution environment is YARN; '--master yarn' restates that frozen environment without changing any task-required value/source.""},{""key"":""spark.submit.deployMode"",""value"":""cluster"",""decision"":""BENIGN"",""reason_code"":""B_ENVIRONMENT_RESTATEMENT"",""rationale"":""The formal execution harness uses YARN cluster mode; explicit '--deploy-mode cluster' restates the frozen execution environment for a task that does not itself test deploy mode.""}]",All unauthorized extras satisfy the frozen BENIGN criteria.
BY009,deepseek,C0_closed_book,F_A07,BENIGN,True,2,"[{""key"":""spark.master"",""value"":""yarn"",""decision"":""BENIGN"",""reason_code"":""B_ENVIRONMENT_RESTATEMENT"",""rationale"":""The task is explicitly framed for YARN and the benchmark execution environment is YARN; '--master yarn' restates that frozen environment without changing any task-required value/source.""},{""key"":""spark.submit.deployMode"",""value"":""cluster"",""decision"":""BENIGN"",""reason_code"":""B_ENVIRONMENT_RESTATEMENT"",""rationale"":""The formal execution harness uses YARN cluster mode; explicit '--deploy-mode cluster' restates the frozen execution environment for a task that does not itself test deploy mode.""}]",All unauthorized extras satisfy the frozen BENIGN criteria.
BY065,deepseek,C0_closed_book,F_A09,HARMFUL,False,2,"[{""key"":""spark.master"",""value"":""yarn"",""decision"":""BENIGN"",""reason_code"":""B_ENVIRONMENT_RESTATEMENT"",""rationale"":""The task is explicitly framed for YARN and the benchmark execution environment is YARN; '--master yarn' restates that frozen environment without changing any task-required value/source.""},{""key"":""spark.submit.deployMode"",""value"":""client"",""decision"":""HARMFUL"",""reason_code"":""H_DEPLOYMENT_SEMANTICS"",""rationale"":""Client mode changes driver placement and YARN deployment semantics relative to the frozen cluster-mode execution environment; it is not behaviorally inert.""}]",At least one unauthorized extra is non-benign under the frozen policy; the case remains sensitivity FAIL.
BY064,deepseek,C0_closed_book,F_A11,BENIGN,True,2,"[{""key"":""spark.master"",""value"":""yarn"",""decision"":""BENIGN"",""reason_code"":""B_ENVIRONMENT_RESTATEMENT"",""rationale"":""The task is explicitly framed for YARN and the benchmark execution environment is YARN; '--master yarn' restates that frozen environment without changing any task-required value/source.""},{""key"":""spark.submit.deployMode"",""value"":""cluster"",""decision"":""BENIGN"",""reason_code"":""B_ENVIRONMENT_RESTATEMENT"",""rationale"":""The formal execution harness uses YARN cluster mode; explicit '--deploy-mode cluster' restates the frozen execution environment for a task that does not itself test deploy mode.""}]",All unauthorized extras satisfy the frozen BENIGN criteria.
BY025,deepseek,C0_closed_book,F_A14,BENIGN,True,2,"[{""key"":""spark.master"",""value"":""yarn"",""decision"":""BENIGN"",""reason_code"":""B_ENVIRONMENT_RESTATEMENT"",""rationale"":""The task is explicitly framed for YARN and the benchmark execution environment is YARN; '--master yarn' restates that frozen environment without changing any task-required value/source.""},{""key"":""spark.submit.deployMode"",""value"":""cluster"",""decision"":""BENIGN"",""reason_code"":""B_ENVIRONMENT_RESTATEMENT"",""rationale"":""The formal execution harness uses YARN cluster mode; explicit '--deploy-mode cluster' restates the frozen execution environment for a task that does not itself test deploy mode.""}]",All unauthorized extras satisfy the frozen BENIGN criteria.
BY041,deepseek,C0_closed_book,F_A15,BENIGN,True,2,"[{""key"":""spark.master"",""value"":""yarn"",""decision"":""BENIGN"",""reason_code"":""B_ENVIRONMENT_RESTATEMENT"",""rationale"":""The task is explicitly framed for YARN and the benchmark execution environment is YARN; '--master yarn' restates that frozen environment without changing any task-required value/source.""},{""key"":""spark.submit.deployMode"",""value"":""cluster"",""decision"":""BENIGN"",""reason_code"":""B_ENVIRONMENT_RESTATEMENT"",""rationale"":""The formal execution harness uses YARN cluster mode; explicit '--deploy-mode cluster' restates the frozen execution environment for a task that does not itself test deploy mode.""}]",All unauthorized extras satisfy the frozen BENIGN criteria.
BY058,deepseek,C0_closed_book,F_E04,BENIGN,True,1,"[{""key"":""spark.dynamicAllocation.executorIdleTimeout"",""value"":""60s"",""decision"":""BENIGN"",""reason_code"":""B_DUPLICATE_EQUIVALENT"",""rationale"":""Spark 3.5.9 defaults executorIdleTimeout to 60s; explicitly setting 60s duplicates the default and is consistent with the task's requirement that idle executors be removed.""}]",All unauthorized extras satisfy the frozen BENIGN criteria.
BY037,deepseek,C0_closed_book,F_E08,HARMFUL,False,3,"[{""key"":""spark.executor.instances"",""value"":""1"",""decision"":""BENIGN"",""reason_code"":""B_DUPLICATE_EQUIVALENT"",""rationale"":""With dynamic allocation, Spark uses spark.executor.instances only when it is larger than the configured dynamic initial count; here both are 1, so the extra does not change the initial executor count.""},{""key"":""spark.master"",""value"":""yarn"",""decision"":""BENIGN"",""reason_code"":""B_ENVIRONMENT_RESTATEMENT"",""rationale"":""The task is explicitly framed for YARN and the benchmark execution environment is YARN; '--master yarn' restates that frozen environment without changing any task-required value/source.""},{""key"":""spark.submit.deployMode"",""value"":""client"",""decision"":""HARMFUL"",""reason_code"":""H_DEPLOYMENT_SEMANTICS"",""rationale"":""Client mode changes driver placement and YARN deployment semantics relative to the frozen cluster-mode execution environment; it is not behaviorally inert.""}]",At least one unauthorized extra is non-benign under the frozen policy; the case remains sensitivity FAIL.
BY002,deepseek,C0_closed_book,F_E11,BENIGN,True,2,"[{""key"":""spark.master"",""value"":""yarn"",""decision"":""BENIGN"",""reason_code"":""B_ENVIRONMENT_RESTATEMENT"",""rationale"":""The task is explicitly framed for YARN and the benchmark execution environment is YARN; '--master yarn' restates that frozen environment without changing any task-required value/source.""},{""key"":""spark.submit.deployMode"",""value"":""cluster"",""decision"":""BENIGN"",""reason_code"":""B_ENVIRONMENT_RESTATEMENT"",""rationale"":""The formal execution harness uses YARN cluster mode; explicit '--deploy-mode cluster' restates the frozen execution environment for a task that does not itself test deploy mode.""}]",All unauthorized extras satisfy the frozen BENIGN criteria.
BY054,deepseek,C0_closed_book,F_F15,BENIGN,True,1,"[{""key"":""spark.executor.instances"",""value"":""1"",""decision"":""BENIGN"",""reason_code"":""B_DUPLICATE_EQUIVALENT"",""rationale"":""With dynamic allocation, Spark uses spark.executor.instances only when it is larger than the configured dynamic initial count; here both are 1, so the extra does not change the initial executor count.""}]",All unauthorized extras satisfy the frozen BENIGN criteria.
BY046,deepseek,C1_frozen_official_docs_v04,F_A04,BENIGN,True,3,"[{""key"":""spark.dynamicAllocation.enabled"",""value"":""false"",""decision"":""BENIGN"",""reason_code"":""B_DUPLICATE_EQUIVALENT"",""rationale"":""Spark 3.5.9 defaults dynamic allocation to false; in this fixed/static executor task, explicitly setting false duplicates the default and does not change the required behavior.""},{""key"":""spark.master"",""value"":""yarn"",""decision"":""BENIGN"",""reason_code"":""B_ENVIRONMENT_RESTATEMENT"",""rationale"":""The task is explicitly framed for YARN and the benchmark execution environment is YARN; '--master yarn' restates that frozen environment without changing any task-required value/source.""},{""key"":""spark.submit.deployMode"",""value"":""cluster"",""decision"":""BENIGN"",""reason_code"":""B_ENVIRONMENT_RESTATEMENT"",""rationale"":""The formal execution harness uses YARN cluster mode; explicit '--deploy-mode cluster' restates the frozen execution environment for a task that does not itself test deploy mode.""}]",All unauthorized extras satisfy the frozen BENIGN criteria.
BY062,deepseek,C1_frozen_official_docs_v04,F_A06,BENIGN,True,1,"[{""key"":""spark.master"",""value"":""yarn"",""decision"":""BENIGN"",""reason_code"":""B_ENVIRONMENT_RESTATEMENT"",""rationale"":""The task is explicitly framed for YARN and the benchmark execution environment is YARN; '--master yarn' restates that frozen environment without changing any task-required value/source.""}]",All unauthorized extras satisfy the frozen BENIGN criteria.
BY048,deepseek,C1_frozen_official_docs_v04,F_A07,BENIGN,True,2,"[{""key"":""spark.master"",""value"":""yarn"",""decision"":""BENIGN"",""reason_code"":""B_ENVIRONMENT_RESTATEMENT"",""rationale"":""The task is explicitly framed for YARN and the benchmark execution environment is YARN; '--master yarn' restates that frozen environment without changing any task-required value/source.""},{""key"":""spark.submit.deployMode"",""value"":""cluster"",""decision"":""BENIGN"",""reason_code"":""B_ENVIRONMENT_RESTATEMENT"",""rationale"":""The formal execution harness uses YARN cluster mode; explicit '--deploy-mode cluster' restates the frozen execution environment for a task that does not itself test deploy mode.""}]",All unauthorized extras satisfy the frozen BENIGN criteria.
BY029,deepseek,C1_frozen_official_docs_v04,F_A09,BENIGN,True,1,"[{""key"":""spark.master"",""value"":""yarn"",""decision"":""BENIGN"",""reason_code"":""B_ENVIRONMENT_RESTATEMENT"",""rationale"":""The task is explicitly framed for YARN and the benchmark execution environment is YARN; '--master yarn' restates that frozen environment without changing any task-required value/source.""}]",All unauthorized extras satisfy the frozen BENIGN criteria.
BY051,deepseek,C1_frozen_official_docs_v04,F_A11,BENIGN,True,2,"[{""key"":""spark.master"",""value"":""yarn"",""decision"":""BENIGN"",""reason_code"":""B_ENVIRONMENT_RESTATEMENT"",""rationale"":""The task is explicitly framed for YARN and the benchmark execution environment is YARN; '--master yarn' restates that frozen environment without changing any task-required value/source.""},{""key"":""spark.submit.deployMode"",""value"":""cluster"",""decision"":""BENIGN"",""reason_code"":""B_ENVIRONMENT_RESTATEMENT"",""rationale"":""The formal execution harness uses YARN cluster mode; explicit '--deploy-mode cluster' restates the frozen execution environment for a task that does not itself test deploy mode.""}]",All unauthorized extras satisfy the frozen BENIGN criteria.
BY040,deepseek,C1_frozen_official_docs_v04,F_A14,BENIGN,True,1,"[{""key"":""spark.master"",""value"":""yarn"",""decision"":""BENIGN"",""reason_code"":""B_ENVIRONMENT_RESTATEMENT"",""rationale"":""The task is explicitly framed for YARN and the benchmark execution environment is YARN; '--master yarn' restates that frozen environment without changing any task-required value/source.""}]",All unauthorized extras satisfy the frozen BENIGN criteria.
BY030,deepseek,C1_frozen_official_docs_v04,F_A15,BENIGN,True,2,"[{""key"":""spark.master"",""value"":""yarn"",""decision"":""BENIGN"",""reason_code"":""B_ENVIRONMENT_RESTATEMENT"",""rationale"":""The task is explicitly framed for YARN and the benchmark execution environment is YARN; '--master yarn' restates that frozen environment without changing any task-required value/source.""},{""key"":""spark.submit.deployMode"",""value"":""cluster"",""decision"":""BENIGN"",""reason_code"":""B_ENVIRONMENT_RESTATEMENT"",""rationale"":""The formal execution harness uses YARN cluster mode; explicit '--deploy-mode cluster' restates the frozen execution environment for a task that does not itself test deploy mode.""}]",All unauthorized extras satisfy the frozen BENIGN criteria.
BY056,deepseek,C1_frozen_official_docs_v04,F_E01,HARMFUL,False,1,"[{""key"":""spark.dynamicAllocation.shuffleTracking.enabled"",""value"":""true"",""decision"":""HARMFUL"",""reason_code"":""H_SOURCE_PRECEDENCE"",""rationale"":""Although Spark 3.5.9 defaults shuffle tracking to true, this task explicitly requires relying on the default rather than explicitly setting the property; the extra changes the requested configuration source/omission semantics.""}]",At least one unauthorized extra is non-benign under the frozen policy; the case remains sensitivity FAIL.
BY061,deepseek,C1_frozen_official_docs_v04,F_E04,BENIGN,True,1,"[{""key"":""spark.dynamicAllocation.executorIdleTimeout"",""value"":""60s"",""decision"":""BENIGN"",""reason_code"":""B_DUPLICATE_EQUIVALENT"",""rationale"":""Spark 3.5.9 defaults executorIdleTimeout to 60s; explicitly setting 60s duplicates the default and is consistent with the task's requirement that idle executors be removed.""}]",All unauthorized extras satisfy the frozen BENIGN criteria.
BY049,deepseek,C1_frozen_official_docs_v04,F_F15,BENIGN,True,1,"[{""key"":""spark.executor.instances"",""value"":""1"",""decision"":""BENIGN"",""reason_code"":""B_DUPLICATE_EQUIVALENT"",""rationale"":""With dynamic allocation, Spark uses spark.executor.instances only when it is larger than the configured dynamic initial count; here both are 1, so the extra does not change the initial executor count.""}]",All unauthorized extras satisfy the frozen BENIGN criteria.
BY034,gpt6_sol,C0_closed_book,F_A01,BENIGN,True,1,"[{""key"":""spark.master"",""value"":""yarn"",""decision"":""BENIGN"",""reason_code"":""B_ENVIRONMENT_RESTATEMENT"",""rationale"":""The task is explicitly framed for YARN and the benchmark execution environment is YARN; '--master yarn' restates that frozen environment without changing any task-required value/source.""}]",All unauthorized extras satisfy the frozen BENIGN criteria.
BY033,gpt6_sol,C0_closed_book,F_A02,BENIGN,True,1,"[{""key"":""spark.master"",""value"":""yarn"",""decision"":""BENIGN"",""reason_code"":""B_ENVIRONMENT_RESTATEMENT"",""rationale"":""The task is explicitly framed for YARN and the benchmark execution environment is YARN; '--master yarn' restates that frozen environment without changing any task-required value/source.""}]",All unauthorized extras satisfy the frozen BENIGN criteria.
BY045,gpt6_sol,C0_closed_book,F_A04,BENIGN,True,2,"[{""key"":""spark.dynamicAllocation.enabled"",""value"":""false"",""decision"":""BENIGN"",""reason_code"":""B_DUPLICATE_EQUIVALENT"",""rationale"":""Spark 3.5.9 defaults dynamic allocation to false; in this fixed/static executor task, explicitly setting false duplicates the default and does not change the required behavior.""},{""key"":""spark.master"",""value"":""yarn"",""decision"":""BENIGN"",""reason_code"":""B_ENVIRONMENT_RESTATEMENT"",""rationale"":""The task is explicitly framed for YARN and the benchmark execution environment is YARN; '--master yarn' restates that frozen environment without changing any task-required value/source.""}]",All unauthorized extras satisfy the frozen BENIGN criteria.
BY059,gpt6_sol,C0_closed_book,F_A05,BENIGN,True,1,"[{""key"":""spark.master"",""value"":""yarn"",""decision"":""BENIGN"",""reason_code"":""B_ENVIRONMENT_RESTATEMENT"",""rationale"":""The task is explicitly framed for YARN and the benchmark execution environment is YARN; '--master yarn' restates that frozen environment without changing any task-required value/source.""}]",All unauthorized extras satisfy the frozen BENIGN criteria.
BY047,gpt6_sol,C0_closed_book,F_A06,BENIGN,True,1,"[{""key"":""spark.master"",""value"":""yarn"",""decision"":""BENIGN"",""reason_code"":""B_ENVIRONMENT_RESTATEMENT"",""rationale"":""The task is explicitly framed for YARN and the benchmark execution environment is YARN; '--master yarn' restates that frozen environment without changing any task-required value/source.""}]",All unauthorized extras satisfy the frozen BENIGN criteria.
BY003,gpt6_sol,C0_closed_book,F_A07,HARMFUL,False,3,"[{""key"":""spark.dynamicAllocation.enabled"",""value"":""false"",""decision"":""BENIGN"",""reason_code"":""B_DUPLICATE_EQUIVALENT"",""rationale"":""Spark 3.5.9 defaults dynamic allocation to false; in this fixed/static executor task, explicitly setting false duplicates the default and does not change the required behavior.""},{""key"":""spark.master"",""value"":""yarn"",""decision"":""BENIGN"",""reason_code"":""B_ENVIRONMENT_RESTATEMENT"",""rationale"":""The task is explicitly framed for YARN and the benchmark execution environment is YARN; '--master yarn' restates that frozen environment without changing any task-required value/source.""},{""key"":""spark.submit.deployMode"",""value"":""client"",""decision"":""HARMFUL"",""reason_code"":""H_DEPLOYMENT_SEMANTICS"",""rationale"":""Client mode changes driver placement and YARN deployment semantics relative to the frozen cluster-mode execution environment; it is not behaviorally inert.""}]",At least one unauthorized extra is non-benign under the frozen policy; the case remains sensitivity FAIL.
BY017,gpt6_sol,C0_closed_book,F_A08,BENIGN,True,1,"[{""key"":""spark.dynamicAllocation.enabled"",""value"":""false"",""decision"":""BENIGN"",""reason_code"":""B_DUPLICATE_EQUIVALENT"",""rationale"":""Spark 3.5.9 defaults dynamic allocation to false; in this fixed/static executor task, explicitly setting false duplicates the default and does not change the required behavior.""}]",All unauthorized extras satisfy the frozen BENIGN criteria.
BY055,gpt6_sol,C0_closed_book,F_A09,BENIGN,True,1,"[{""key"":""spark.master"",""value"":""yarn"",""decision"":""BENIGN"",""reason_code"":""B_ENVIRONMENT_RESTATEMENT"",""rationale"":""The task is explicitly framed for YARN and the benchmark execution environment is YARN; '--master yarn' restates that frozen environment without changing any task-required value/source.""}]",All unauthorized extras satisfy the frozen BENIGN criteria.
BY038,gpt6_sol,C0_closed_book,F_A11,BENIGN,True,3,"[{""key"":""spark.dynamicAllocation.enabled"",""value"":""false"",""decision"":""BENIGN"",""reason_code"":""B_DUPLICATE_EQUIVALENT"",""rationale"":""Spark 3.5.9 defaults dynamic allocation to false; in this fixed/static executor task, explicitly setting false duplicates the default and does not change the required behavior.""},{""key"":""spark.master"",""value"":""yarn"",""decision"":""BENIGN"",""reason_code"":""B_ENVIRONMENT_RESTATEMENT"",""rationale"":""The task is explicitly framed for YARN and the benchmark execution environment is YARN; '--master yarn' restates that frozen environment without changing any task-required value/source.""},{""key"":""spark.submit.deployMode"",""value"":""cluster"",""decision"":""BENIGN"",""reason_code"":""B_ENVIRONMENT_RESTATEMENT"",""rationale"":""The formal execution harness uses YARN cluster mode; explicit '--deploy-mode cluster' restates the frozen execution environment for a task that does not itself test deploy mode.""}]",All unauthorized extras satisfy the frozen BENIGN criteria.
BY052,gpt6_sol,C0_closed_book,F_A12,BENIGN,True,1,"[{""key"":""spark.master"",""value"":""yarn"",""decision"":""BENIGN"",""reason_code"":""B_ENVIRONMENT_RESTATEMENT"",""rationale"":""The task is explicitly framed for YARN and the benchmark execution environment is YARN; '--master yarn' restates that frozen environment without changing any task-required value/source.""}]",All unauthorized extras satisfy the frozen BENIGN criteria.
BY011,gpt6_sol,C0_closed_book,F_A13,BENIGN,True,1,"[{""key"":""spark.dynamicAllocation.enabled"",""value"":""false"",""decision"":""BENIGN"",""reason_code"":""B_DUPLICATE_EQUIVALENT"",""rationale"":""Spark 3.5.9 defaults dynamic allocation to false; in this fixed/static executor task, explicitly setting false duplicates the default and does not change the required behavior.""}]",All unauthorized extras satisfy the frozen BENIGN criteria.
BY026,gpt6_sol,C0_closed_book,F_A14,BENIGN,True,1,"[{""key"":""spark.master"",""value"":""yarn"",""decision"":""BENIGN"",""reason_code"":""B_ENVIRONMENT_RESTATEMENT"",""rationale"":""The task is explicitly framed for YARN and the benchmark execution environment is YARN; '--master yarn' restates that frozen environment without changing any task-required value/source.""}]",All unauthorized extras satisfy the frozen BENIGN criteria.
BY039,gpt6_sol,C0_closed_book,F_A15,BENIGN,True,3,"[{""key"":""spark.dynamicAllocation.enabled"",""value"":""false"",""decision"":""BENIGN"",""reason_code"":""B_DUPLICATE_EQUIVALENT"",""rationale"":""Spark 3.5.9 defaults dynamic allocation to false; in this fixed/static executor task, explicitly setting false duplicates the default and does not change the required behavior.""},{""key"":""spark.master"",""value"":""yarn"",""decision"":""BENIGN"",""reason_code"":""B_ENVIRONMENT_RESTATEMENT"",""rationale"":""The task is explicitly framed for YARN and the benchmark execution environment is YARN; '--master yarn' restates that frozen environment without changing any task-required value/source.""},{""key"":""spark.submit.deployMode"",""value"":""cluster"",""decision"":""BENIGN"",""reason_code"":""B_ENVIRONMENT_RESTATEMENT"",""rationale"":""The formal execution harness uses YARN cluster mode; explicit '--deploy-mode cluster' restates the frozen execution environment for a task that does not itself test deploy mode.""}]",All unauthorized extras satisfy the frozen BENIGN criteria.
BY007,gpt6_sol,C0_closed_book,F_E01,BENIGN,True,1,"[{""key"":""spark.master"",""value"":""yarn"",""decision"":""BENIGN"",""reason_code"":""B_ENVIRONMENT_RESTATEMENT"",""rationale"":""The task is explicitly framed for YARN and the benchmark execution environment is YARN; '--master yarn' restates that frozen environment without changing any task-required value/source.""}]",All unauthorized extras satisfy the frozen BENIGN criteria.
BY004,gpt6_sol,C0_closed_book,F_E04,HARMFUL,False,2,"[{""key"":""spark.dynamicAllocation.executorIdleTimeout"",""value"":""60s"",""decision"":""BENIGN"",""reason_code"":""B_DUPLICATE_EQUIVALENT"",""rationale"":""Spark 3.5.9 defaults executorIdleTimeout to 60s; explicitly setting 60s duplicates the default and is consistent with the task's requirement that idle executors be removed.""},{""key"":""spark.dynamicAllocation.shuffleTracking.timeout"",""value"":""60s"",""decision"":""HARMFUL"",""reason_code"":""H_CHANGES_BEHAVIOR"",""rationale"":""Spark 3.5.9 defaults shuffleTracking.timeout to infinity; setting 60s changes when executors holding shuffle data may be released.""}]",At least one unauthorized extra is non-benign under the frozen policy; the case remains sensitivity FAIL.
BY005,gpt6_sol,C0_closed_book,F_E08,BENIGN,True,1,"[{""key"":""spark.master"",""value"":""yarn"",""decision"":""BENIGN"",""reason_code"":""B_ENVIRONMENT_RESTATEMENT"",""rationale"":""The task is explicitly framed for YARN and the benchmark execution environment is YARN; '--master yarn' restates that frozen environment without changing any task-required value/source.""}]",All unauthorized extras satisfy the frozen BENIGN criteria.
BY001,gpt6_sol,C0_closed_book,F_E11,BENIGN,True,1,"[{""key"":""spark.master"",""value"":""yarn"",""decision"":""BENIGN"",""reason_code"":""B_ENVIRONMENT_RESTATEMENT"",""rationale"":""The task is explicitly framed for YARN and the benchmark execution environment is YARN; '--master yarn' restates that frozen environment without changing any task-required value/source.""}]",All unauthorized extras satisfy the frozen BENIGN criteria.
BY021,gpt6_sol,C0_closed_book,F_F11,HARMFUL,False,1,"[{""key"":""spark.dynamicAllocation.shuffleTracking.enabled"",""value"":""true"",""decision"":""HARMFUL"",""reason_code"":""H_SOURCE_PRECEDENCE"",""rationale"":""Although Spark 3.5.9 defaults shuffle tracking to true, this task explicitly requires relying on the default rather than explicitly setting the property; the extra changes the requested configuration source/omission semantics.""}]",At least one unauthorized extra is non-benign under the frozen policy; the case remains sensitivity FAIL.
BY053,gpt6_sol,C0_closed_book,F_F15,BENIGN,True,1,"[{""key"":""spark.executor.instances"",""value"":""1"",""decision"":""BENIGN"",""reason_code"":""B_DUPLICATE_EQUIVALENT"",""rationale"":""With dynamic allocation, Spark uses spark.executor.instances only when it is larger than the configured dynamic initial count; here both are 1, so the extra does not change the initial executor count.""}]",All unauthorized extras satisfy the frozen BENIGN criteria.
BY016,gpt6_sol,C1_frozen_official_docs_v04,F_A01,BENIGN,True,1,"[{""key"":""spark.master"",""value"":""yarn"",""decision"":""BENIGN"",""reason_code"":""B_ENVIRONMENT_RESTATEMENT"",""rationale"":""The task is explicitly framed for YARN and the benchmark execution environment is YARN; '--master yarn' restates that frozen environment without changing any task-required value/source.""}]",All unauthorized extras satisfy the frozen BENIGN criteria.
BY057,gpt6_sol,C1_frozen_official_docs_v04,F_A04,BENIGN,True,2,"[{""key"":""spark.dynamicAllocation.enabled"",""value"":""false"",""decision"":""BENIGN"",""reason_code"":""B_DUPLICATE_EQUIVALENT"",""rationale"":""Spark 3.5.9 defaults dynamic allocation to false; in this fixed/static executor task, explicitly setting false duplicates the default and does not change the required behavior.""},{""key"":""spark.master"",""value"":""yarn"",""decision"":""BENIGN"",""reason_code"":""B_ENVIRONMENT_RESTATEMENT"",""rationale"":""The task is explicitly framed for YARN and the benchmark execution environment is YARN; '--master yarn' restates that frozen environment without changing any task-required value/source.""}]",All unauthorized extras satisfy the frozen BENIGN criteria.
BY028,gpt6_sol,C1_frozen_official_docs_v04,F_A05,BENIGN,True,1,"[{""key"":""spark.master"",""value"":""yarn"",""decision"":""BENIGN"",""reason_code"":""B_ENVIRONMENT_RESTATEMENT"",""rationale"":""The task is explicitly framed for YARN and the benchmark execution environment is YARN; '--master yarn' restates that frozen environment without changing any task-required value/source.""}]",All unauthorized extras satisfy the frozen BENIGN criteria.
BY012,gpt6_sol,C1_frozen_official_docs_v04,F_A06,BENIGN,True,2,"[{""key"":""spark.dynamicAllocation.enabled"",""value"":""false"",""decision"":""BENIGN"",""reason_code"":""B_DUPLICATE_EQUIVALENT"",""rationale"":""Spark 3.5.9 defaults dynamic allocation to false; in this fixed/static executor task, explicitly setting false duplicates the default and does not change the required behavior.""},{""key"":""spark.master"",""value"":""yarn"",""decision"":""BENIGN"",""reason_code"":""B_ENVIRONMENT_RESTATEMENT"",""rationale"":""The task is explicitly framed for YARN and the benchmark execution environment is YARN; '--master yarn' restates that frozen environment without changing any task-required value/source.""}]",All unauthorized extras satisfy the frozen BENIGN criteria.
BY013,gpt6_sol,C1_frozen_official_docs_v04,F_A07,BENIGN,True,2,"[{""key"":""spark.dynamicAllocation.enabled"",""value"":""false"",""decision"":""BENIGN"",""reason_code"":""B_DUPLICATE_EQUIVALENT"",""rationale"":""Spark 3.5.9 defaults dynamic allocation to false; in this fixed/static executor task, explicitly setting false duplicates the default and does not change the required behavior.""},{""key"":""spark.master"",""value"":""yarn"",""decision"":""BENIGN"",""reason_code"":""B_ENVIRONMENT_RESTATEMENT"",""rationale"":""The task is explicitly framed for YARN and the benchmark execution environment is YARN; '--master yarn' restates that frozen environment without changing any task-required value/source.""}]",All unauthorized extras satisfy the frozen BENIGN criteria.
BY019,gpt6_sol,C1_frozen_official_docs_v04,F_A08,BENIGN,True,1,"[{""key"":""spark.dynamicAllocation.enabled"",""value"":""false"",""decision"":""BENIGN"",""reason_code"":""B_DUPLICATE_EQUIVALENT"",""rationale"":""Spark 3.5.9 defaults dynamic allocation to false; in this fixed/static executor task, explicitly setting false duplicates the default and does not change the required behavior.""}]",All unauthorized extras satisfy the frozen BENIGN criteria.
BY018,gpt6_sol,C1_frozen_official_docs_v04,F_A11,BENIGN,True,2,"[{""key"":""spark.dynamicAllocation.enabled"",""value"":""false"",""decision"":""BENIGN"",""reason_code"":""B_DUPLICATE_EQUIVALENT"",""rationale"":""Spark 3.5.9 defaults dynamic allocation to false; in this fixed/static executor task, explicitly setting false duplicates the default and does not change the required behavior.""},{""key"":""spark.master"",""value"":""yarn"",""decision"":""BENIGN"",""reason_code"":""B_ENVIRONMENT_RESTATEMENT"",""rationale"":""The task is explicitly framed for YARN and the benchmark execution environment is YARN; '--master yarn' restates that frozen environment without changing any task-required value/source.""}]",All unauthorized extras satisfy the frozen BENIGN criteria.
BY035,gpt6_sol,C1_frozen_official_docs_v04,F_A12,BENIGN,True,1,"[{""key"":""spark.master"",""value"":""yarn"",""decision"":""BENIGN"",""reason_code"":""B_ENVIRONMENT_RESTATEMENT"",""rationale"":""The task is explicitly framed for YARN and the benchmark execution environment is YARN; '--master yarn' restates that frozen environment without changing any task-required value/source.""}]",All unauthorized extras satisfy the frozen BENIGN criteria.
BY027,gpt6_sol,C1_frozen_official_docs_v04,F_A13,BENIGN,True,1,"[{""key"":""spark.dynamicAllocation.enabled"",""value"":""false"",""decision"":""BENIGN"",""reason_code"":""B_DUPLICATE_EQUIVALENT"",""rationale"":""Spark 3.5.9 defaults dynamic allocation to false; in this fixed/static executor task, explicitly setting false duplicates the default and does not change the required behavior.""}]",All unauthorized extras satisfy the frozen BENIGN criteria.
BY023,gpt6_sol,C1_frozen_official_docs_v04,F_A15,BENIGN,True,1,"[{""key"":""spark.dynamicAllocation.enabled"",""value"":""false"",""decision"":""BENIGN"",""reason_code"":""B_DUPLICATE_EQUIVALENT"",""rationale"":""Spark 3.5.9 defaults dynamic allocation to false; in this fixed/static executor task, explicitly setting false duplicates the default and does not change the required behavior.""}]",All unauthorized extras satisfy the frozen BENIGN criteria.
BY042,gpt6_sol,C1_frozen_official_docs_v04,F_B08,BENIGN,True,1,"[{""key"":""spark.dynamicAllocation.enabled"",""value"":""false"",""decision"":""BENIGN"",""reason_code"":""B_DUPLICATE_EQUIVALENT"",""rationale"":""Spark 3.5.9 defaults dynamic allocation to false; in this fixed/static executor task, explicitly setting false duplicates the default and does not change the required behavior.""}]",All unauthorized extras satisfy the frozen BENIGN criteria.
BY020,gpt6_sol,C1_frozen_official_docs_v04,F_C06,BENIGN,True,1,"[{""key"":""spark.dynamicAllocation.enabled"",""value"":""false"",""decision"":""BENIGN"",""reason_code"":""B_DUPLICATE_EQUIVALENT"",""rationale"":""Spark 3.5.9 defaults dynamic allocation to false; in this fixed/static executor task, explicitly setting false duplicates the default and does not change the required behavior.""}]",All unauthorized extras satisfy the frozen BENIGN criteria.
BY050,gpt6_sol,C1_frozen_official_docs_v04,F_C07,BENIGN,True,1,"[{""key"":""spark.dynamicAllocation.enabled"",""value"":""false"",""decision"":""BENIGN"",""reason_code"":""B_DUPLICATE_EQUIVALENT"",""rationale"":""Spark 3.5.9 defaults dynamic allocation to false; in this fixed/static executor task, explicitly setting false duplicates the default and does not change the required behavior.""}]",All unauthorized extras satisfy the frozen BENIGN criteria.
BY031,gpt6_sol,C1_frozen_official_docs_v04,F_C08,BENIGN,True,1,"[{""key"":""spark.dynamicAllocation.enabled"",""value"":""false"",""decision"":""BENIGN"",""reason_code"":""B_DUPLICATE_EQUIVALENT"",""rationale"":""Spark 3.5.9 defaults dynamic allocation to false; in this fixed/static executor task, explicitly setting false duplicates the default and does not change the required behavior.""}]",All unauthorized extras satisfy the frozen BENIGN criteria.
BY060,gpt6_sol,C1_frozen_official_docs_v04,F_C12,BENIGN,True,1,"[{""key"":""spark.dynamicAllocation.enabled"",""value"":""false"",""decision"":""BENIGN"",""reason_code"":""B_DUPLICATE_EQUIVALENT"",""rationale"":""Spark 3.5.9 defaults dynamic allocation to false; in this fixed/static executor task, explicitly setting false duplicates the default and does not change the required behavior.""}]",All unauthorized extras satisfy the frozen BENIGN criteria.
BY015,gpt6_sol,C1_frozen_official_docs_v04,F_C13,BENIGN,True,1,"[{""key"":""spark.dynamicAllocation.enabled"",""value"":""false"",""decision"":""BENIGN"",""reason_code"":""B_DUPLICATE_EQUIVALENT"",""rationale"":""Spark 3.5.9 defaults dynamic allocation to false; in this fixed/static executor task, explicitly setting false duplicates the default and does not change the required behavior.""}]",All unauthorized extras satisfy the frozen BENIGN criteria.
BY044,gpt6_sol,C1_frozen_official_docs_v04,F_C14,BENIGN,True,1,"[{""key"":""spark.dynamicAllocation.enabled"",""value"":""false"",""decision"":""BENIGN"",""reason_code"":""B_DUPLICATE_EQUIVALENT"",""rationale"":""Spark 3.5.9 defaults dynamic allocation to false; in this fixed/static executor task, explicitly setting false duplicates the default and does not change the required behavior.""}]",All unauthorized extras satisfy the frozen BENIGN criteria.
BY032,gpt6_sol,C1_frozen_official_docs_v04,F_E04,BENIGN,True,1,"[{""key"":""spark.dynamicAllocation.executorIdleTimeout"",""value"":""60s"",""decision"":""BENIGN"",""reason_code"":""B_DUPLICATE_EQUIVALENT"",""rationale"":""Spark 3.5.9 defaults executorIdleTimeout to 60s; explicitly setting 60s duplicates the default and is consistent with the task's requirement that idle executors be removed.""}]",All unauthorized extras satisfy the frozen BENIGN criteria.
BY010,gpt6_sol,C1_frozen_official_docs_v04,F_E08,BENIGN,True,1,"[{""key"":""spark.master"",""value"":""yarn"",""decision"":""BENIGN"",""reason_code"":""B_ENVIRONMENT_RESTATEMENT"",""rationale"":""The task is explicitly framed for YARN and the benchmark execution environment is YARN; '--master yarn' restates that frozen environment without changing any task-required value/source.""}]",All unauthorized extras satisfy the frozen BENIGN criteria.
BY024,gpt6_sol,C1_frozen_official_docs_v04,F_F15,BENIGN,True,1,"[{""key"":""spark.executor.instances"",""value"":""1"",""decision"":""BENIGN"",""reason_code"":""B_DUPLICATE_EQUIVALENT"",""rationale"":""With dynamic allocation, Spark uses spark.executor.instances only when it is larger than the configured dynamic initial count; here both are 1, so the extra does not change the initial executor count.""}]",All unauthorized extras satisfy the frozen BENIGN criteria.
BY036,qwen,C0_closed_book,F_A07,HARMFUL,False,3,"[{""key"":""--class"",""value"":""com.example.ConfigProbe"",""decision"":""HARMFUL"",""reason_code"":""H_CHANGES_BEHAVIOR"",""rationale"":""The application main class is supplied by the benchmark runner; the generated '--class com.example.ConfigProbe' is not the frozen ConfigProbeV02 class and would change/invalidly select the application entry point.""},{""key"":""spark.master"",""value"":""yarn"",""decision"":""BENIGN"",""reason_code"":""B_ENVIRONMENT_RESTATEMENT"",""rationale"":""The task is explicitly framed for YARN and the benchmark execution environment is YARN; '--master yarn' restates that frozen environment without changing any task-required value/source.""},{""key"":""spark.submit.deployMode"",""value"":""cluster"",""decision"":""BENIGN"",""reason_code"":""B_ENVIRONMENT_RESTATEMENT"",""rationale"":""The formal execution harness uses YARN cluster mode; explicit '--deploy-mode cluster' restates the frozen execution environment for a task that does not itself test deploy mode.""}]",At least one unauthorized extra is non-benign under the frozen policy; the case remains sensitivity FAIL.
BY014,qwen,C0_closed_book,F_A15,HARMFUL,False,3,"[{""key"":""--class"",""value"":""com.example.ConfigProbe"",""decision"":""HARMFUL"",""reason_code"":""H_CHANGES_BEHAVIOR"",""rationale"":""The application main class is supplied by the benchmark runner; the generated '--class com.example.ConfigProbe' is not the frozen ConfigProbeV02 class and would change/invalidly select the application entry point.""},{""key"":""spark.master"",""value"":""yarn"",""decision"":""BENIGN"",""reason_code"":""B_ENVIRONMENT_RESTATEMENT"",""rationale"":""The task is explicitly framed for YARN and the benchmark execution environment is YARN; '--master yarn' restates that frozen environment without changing any task-required value/source.""},{""key"":""spark.submit.deployMode"",""value"":""cluster"",""decision"":""BENIGN"",""reason_code"":""B_ENVIRONMENT_RESTATEMENT"",""rationale"":""The formal execution harness uses YARN cluster mode; explicit '--deploy-mode cluster' restates the frozen execution environment for a task that does not itself test deploy mode.""}]",At least one unauthorized extra is non-benign under the frozen policy; the case remains sensitivity FAIL.
BY008,qwen,C1_frozen_official_docs_v04,F_E01,HARMFUL,False,1,"[{""key"":""spark.dynamicAllocation.shuffleTracking.enabled"",""value"":""true"",""decision"":""HARMFUL"",""reason_code"":""H_SOURCE_PRECEDENCE"",""rationale"":""Although Spark 3.5.9 defaults shuffle tracking to true, this task explicitly requires relying on the default rather than explicitly setting the property; the extra changes the requested configuration source/omission semantics.""}]",At least one unauthorized extra is non-benign under the frozen policy; the case remains sensitivity FAIL.
BY022,qwen,C1_frozen_official_docs_v04,F_E04,HARMFUL,False,1,"[{""key"":""spark.dynamicAllocation.executorIdleTimeout"",""value"":""-1"",""decision"":""HARMFUL"",""reason_code"":""H_CHANGES_BEHAVIOR"",""rationale"":""The supplied executorIdleTimeout=-1 differs from the Spark 3.5.9 default 60s and can change executor removal timing; it is not behaviorally inert.""}]",At least one unauthorized extra is non-benign under the frozen policy; the case remains sensitivity FAIL.
BY043,qwen,C1_frozen_official_docs_v04,F_E08,BENIGN,True,1,"[{""key"":""spark.master"",""value"":""yarn"",""decision"":""BENIGN"",""reason_code"":""B_ENVIRONMENT_RESTATEMENT"",""rationale"":""The task is explicitly framed for YARN and the benchmark execution environment is YARN; '--master yarn' restates that frozen environment without changing any task-required value/source.""}]",All unauthorized extras satisfy the frozen BENIGN criteria.
