blind_case_id,task_id,key,value,decision,reason_code,rationale
BY001,F_E11,spark.master,yarn,BENIGN,B_ENVIRONMENT_RESTATEMENT,The task is explicitly framed for YARN and the benchmark execution environment is YARN; '--master yarn' restates that frozen environment without changing any task-required value/source.
BY002,F_E11,spark.master,yarn,BENIGN,B_ENVIRONMENT_RESTATEMENT,The task is explicitly framed for YARN and the benchmark execution environment is YARN; '--master yarn' restates that frozen environment without changing any task-required value/source.
BY002,F_E11,spark.submit.deployMode,cluster,BENIGN,B_ENVIRONMENT_RESTATEMENT,The formal execution harness uses YARN cluster mode; explicit '--deploy-mode cluster' restates the frozen execution environment for a task that does not itself test deploy mode.
BY003,F_A07,spark.dynamicAllocation.enabled,false,BENIGN,B_DUPLICATE_EQUIVALENT,"Spark 3.5.9 defaults dynamic allocation to false; in this fixed/static executor task, explicitly setting false duplicates the default and does not change the required behavior."
BY003,F_A07,spark.master,yarn,BENIGN,B_ENVIRONMENT_RESTATEMENT,The task is explicitly framed for YARN and the benchmark execution environment is YARN; '--master yarn' restates that frozen environment without changing any task-required value/source.
BY003,F_A07,spark.submit.deployMode,client,HARMFUL,H_DEPLOYMENT_SEMANTICS,Client mode changes driver placement and YARN deployment semantics relative to the frozen cluster-mode execution environment; it is not behaviorally inert.
BY004,F_E04,spark.dynamicAllocation.executorIdleTimeout,60s,BENIGN,B_DUPLICATE_EQUIVALENT,Spark 3.5.9 defaults executorIdleTimeout to 60s; explicitly setting 60s duplicates the default and is consistent with the task's requirement that idle executors be removed.
BY004,F_E04,spark.dynamicAllocation.shuffleTracking.timeout,60s,HARMFUL,H_CHANGES_BEHAVIOR,Spark 3.5.9 defaults shuffleTracking.timeout to infinity; setting 60s changes when executors holding shuffle data may be released.
BY005,F_E08,spark.master,yarn,BENIGN,B_ENVIRONMENT_RESTATEMENT,The task is explicitly framed for YARN and the benchmark execution environment is YARN; '--master yarn' restates that frozen environment without changing any task-required value/source.
BY006,F_A04,spark.master,yarn,BENIGN,B_ENVIRONMENT_RESTATEMENT,The task is explicitly framed for YARN and the benchmark execution environment is YARN; '--master yarn' restates that frozen environment without changing any task-required value/source.
BY006,F_A04,spark.submit.deployMode,cluster,BENIGN,B_ENVIRONMENT_RESTATEMENT,The formal execution harness uses YARN cluster mode; explicit '--deploy-mode cluster' restates the frozen execution environment for a task that does not itself test deploy mode.
BY007,F_E01,spark.master,yarn,BENIGN,B_ENVIRONMENT_RESTATEMENT,The task is explicitly framed for YARN and the benchmark execution environment is YARN; '--master yarn' restates that frozen environment without changing any task-required value/source.
BY008,F_E01,spark.dynamicAllocation.shuffleTracking.enabled,true,HARMFUL,H_SOURCE_PRECEDENCE,"Although Spark 3.5.9 defaults shuffle tracking to true, this task explicitly requires relying on the default rather than explicitly setting the property; the extra changes the requested configuration source/omission semantics."
BY009,F_A07,spark.master,yarn,BENIGN,B_ENVIRONMENT_RESTATEMENT,The task is explicitly framed for YARN and the benchmark execution environment is YARN; '--master yarn' restates that frozen environment without changing any task-required value/source.
BY009,F_A07,spark.submit.deployMode,cluster,BENIGN,B_ENVIRONMENT_RESTATEMENT,The formal execution harness uses YARN cluster mode; explicit '--deploy-mode cluster' restates the frozen execution environment for a task that does not itself test deploy mode.
BY010,F_E08,spark.master,yarn,BENIGN,B_ENVIRONMENT_RESTATEMENT,The task is explicitly framed for YARN and the benchmark execution environment is YARN; '--master yarn' restates that frozen environment without changing any task-required value/source.
BY011,F_A13,spark.dynamicAllocation.enabled,false,BENIGN,B_DUPLICATE_EQUIVALENT,"Spark 3.5.9 defaults dynamic allocation to false; in this fixed/static executor task, explicitly setting false duplicates the default and does not change the required behavior."
BY012,F_A06,spark.dynamicAllocation.enabled,false,BENIGN,B_DUPLICATE_EQUIVALENT,"Spark 3.5.9 defaults dynamic allocation to false; in this fixed/static executor task, explicitly setting false duplicates the default and does not change the required behavior."
BY012,F_A06,spark.master,yarn,BENIGN,B_ENVIRONMENT_RESTATEMENT,The task is explicitly framed for YARN and the benchmark execution environment is YARN; '--master yarn' restates that frozen environment without changing any task-required value/source.
BY013,F_A07,spark.dynamicAllocation.enabled,false,BENIGN,B_DUPLICATE_EQUIVALENT,"Spark 3.5.9 defaults dynamic allocation to false; in this fixed/static executor task, explicitly setting false duplicates the default and does not change the required behavior."
BY013,F_A07,spark.master,yarn,BENIGN,B_ENVIRONMENT_RESTATEMENT,The task is explicitly framed for YARN and the benchmark execution environment is YARN; '--master yarn' restates that frozen environment without changing any task-required value/source.
BY014,F_A15,--class,com.example.ConfigProbe,HARMFUL,H_CHANGES_BEHAVIOR,The application main class is supplied by the benchmark runner; the generated '--class com.example.ConfigProbe' is not the frozen ConfigProbeV02 class and would change/invalidly select the application entry point.
BY014,F_A15,spark.master,yarn,BENIGN,B_ENVIRONMENT_RESTATEMENT,The task is explicitly framed for YARN and the benchmark execution environment is YARN; '--master yarn' restates that frozen environment without changing any task-required value/source.
BY014,F_A15,spark.submit.deployMode,cluster,BENIGN,B_ENVIRONMENT_RESTATEMENT,The formal execution harness uses YARN cluster mode; explicit '--deploy-mode cluster' restates the frozen execution environment for a task that does not itself test deploy mode.
BY015,F_C13,spark.dynamicAllocation.enabled,false,BENIGN,B_DUPLICATE_EQUIVALENT,"Spark 3.5.9 defaults dynamic allocation to false; in this fixed/static executor task, explicitly setting false duplicates the default and does not change the required behavior."
BY016,F_A01,spark.master,yarn,BENIGN,B_ENVIRONMENT_RESTATEMENT,The task is explicitly framed for YARN and the benchmark execution environment is YARN; '--master yarn' restates that frozen environment without changing any task-required value/source.
BY017,F_A08,spark.dynamicAllocation.enabled,false,BENIGN,B_DUPLICATE_EQUIVALENT,"Spark 3.5.9 defaults dynamic allocation to false; in this fixed/static executor task, explicitly setting false duplicates the default and does not change the required behavior."
BY018,F_A11,spark.dynamicAllocation.enabled,false,BENIGN,B_DUPLICATE_EQUIVALENT,"Spark 3.5.9 defaults dynamic allocation to false; in this fixed/static executor task, explicitly setting false duplicates the default and does not change the required behavior."
BY018,F_A11,spark.master,yarn,BENIGN,B_ENVIRONMENT_RESTATEMENT,The task is explicitly framed for YARN and the benchmark execution environment is YARN; '--master yarn' restates that frozen environment without changing any task-required value/source.
BY019,F_A08,spark.dynamicAllocation.enabled,false,BENIGN,B_DUPLICATE_EQUIVALENT,"Spark 3.5.9 defaults dynamic allocation to false; in this fixed/static executor task, explicitly setting false duplicates the default and does not change the required behavior."
BY020,F_C06,spark.dynamicAllocation.enabled,false,BENIGN,B_DUPLICATE_EQUIVALENT,"Spark 3.5.9 defaults dynamic allocation to false; in this fixed/static executor task, explicitly setting false duplicates the default and does not change the required behavior."
BY021,F_F11,spark.dynamicAllocation.shuffleTracking.enabled,true,HARMFUL,H_SOURCE_PRECEDENCE,"Although Spark 3.5.9 defaults shuffle tracking to true, this task explicitly requires relying on the default rather than explicitly setting the property; the extra changes the requested configuration source/omission semantics."
BY022,F_E04,spark.dynamicAllocation.executorIdleTimeout,-1,HARMFUL,H_CHANGES_BEHAVIOR,The supplied executorIdleTimeout=-1 differs from the Spark 3.5.9 default 60s and can change executor removal timing; it is not behaviorally inert.
BY023,F_A15,spark.dynamicAllocation.enabled,false,BENIGN,B_DUPLICATE_EQUIVALENT,"Spark 3.5.9 defaults dynamic allocation to false; in this fixed/static executor task, explicitly setting false duplicates the default and does not change the required behavior."
BY024,F_F15,spark.executor.instances,1,BENIGN,B_DUPLICATE_EQUIVALENT,"With dynamic allocation, Spark uses spark.executor.instances only when it is larger than the configured dynamic initial count; here both are 1, so the extra does not change the initial executor count."
BY025,F_A14,spark.master,yarn,BENIGN,B_ENVIRONMENT_RESTATEMENT,The task is explicitly framed for YARN and the benchmark execution environment is YARN; '--master yarn' restates that frozen environment without changing any task-required value/source.
BY025,F_A14,spark.submit.deployMode,cluster,BENIGN,B_ENVIRONMENT_RESTATEMENT,The formal execution harness uses YARN cluster mode; explicit '--deploy-mode cluster' restates the frozen execution environment for a task that does not itself test deploy mode.
BY026,F_A14,spark.master,yarn,BENIGN,B_ENVIRONMENT_RESTATEMENT,The task is explicitly framed for YARN and the benchmark execution environment is YARN; '--master yarn' restates that frozen environment without changing any task-required value/source.
BY027,F_A13,spark.dynamicAllocation.enabled,false,BENIGN,B_DUPLICATE_EQUIVALENT,"Spark 3.5.9 defaults dynamic allocation to false; in this fixed/static executor task, explicitly setting false duplicates the default and does not change the required behavior."
BY028,F_A05,spark.master,yarn,BENIGN,B_ENVIRONMENT_RESTATEMENT,The task is explicitly framed for YARN and the benchmark execution environment is YARN; '--master yarn' restates that frozen environment without changing any task-required value/source.
BY029,F_A09,spark.master,yarn,BENIGN,B_ENVIRONMENT_RESTATEMENT,The task is explicitly framed for YARN and the benchmark execution environment is YARN; '--master yarn' restates that frozen environment without changing any task-required value/source.
BY030,F_A15,spark.master,yarn,BENIGN,B_ENVIRONMENT_RESTATEMENT,The task is explicitly framed for YARN and the benchmark execution environment is YARN; '--master yarn' restates that frozen environment without changing any task-required value/source.
BY030,F_A15,spark.submit.deployMode,cluster,BENIGN,B_ENVIRONMENT_RESTATEMENT,The formal execution harness uses YARN cluster mode; explicit '--deploy-mode cluster' restates the frozen execution environment for a task that does not itself test deploy mode.
BY031,F_C08,spark.dynamicAllocation.enabled,false,BENIGN,B_DUPLICATE_EQUIVALENT,"Spark 3.5.9 defaults dynamic allocation to false; in this fixed/static executor task, explicitly setting false duplicates the default and does not change the required behavior."
BY032,F_E04,spark.dynamicAllocation.executorIdleTimeout,60s,BENIGN,B_DUPLICATE_EQUIVALENT,Spark 3.5.9 defaults executorIdleTimeout to 60s; explicitly setting 60s duplicates the default and is consistent with the task's requirement that idle executors be removed.
BY033,F_A02,spark.master,yarn,BENIGN,B_ENVIRONMENT_RESTATEMENT,The task is explicitly framed for YARN and the benchmark execution environment is YARN; '--master yarn' restates that frozen environment without changing any task-required value/source.
BY034,F_A01,spark.master,yarn,BENIGN,B_ENVIRONMENT_RESTATEMENT,The task is explicitly framed for YARN and the benchmark execution environment is YARN; '--master yarn' restates that frozen environment without changing any task-required value/source.
BY035,F_A12,spark.master,yarn,BENIGN,B_ENVIRONMENT_RESTATEMENT,The task is explicitly framed for YARN and the benchmark execution environment is YARN; '--master yarn' restates that frozen environment without changing any task-required value/source.
BY036,F_A07,--class,com.example.ConfigProbe,HARMFUL,H_CHANGES_BEHAVIOR,The application main class is supplied by the benchmark runner; the generated '--class com.example.ConfigProbe' is not the frozen ConfigProbeV02 class and would change/invalidly select the application entry point.
BY036,F_A07,spark.master,yarn,BENIGN,B_ENVIRONMENT_RESTATEMENT,The task is explicitly framed for YARN and the benchmark execution environment is YARN; '--master yarn' restates that frozen environment without changing any task-required value/source.
BY036,F_A07,spark.submit.deployMode,cluster,BENIGN,B_ENVIRONMENT_RESTATEMENT,The formal execution harness uses YARN cluster mode; explicit '--deploy-mode cluster' restates the frozen execution environment for a task that does not itself test deploy mode.
BY037,F_E08,spark.executor.instances,1,BENIGN,B_DUPLICATE_EQUIVALENT,"With dynamic allocation, Spark uses spark.executor.instances only when it is larger than the configured dynamic initial count; here both are 1, so the extra does not change the initial executor count."
BY037,F_E08,spark.master,yarn,BENIGN,B_ENVIRONMENT_RESTATEMENT,The task is explicitly framed for YARN and the benchmark execution environment is YARN; '--master yarn' restates that frozen environment without changing any task-required value/source.
BY037,F_E08,spark.submit.deployMode,client,HARMFUL,H_DEPLOYMENT_SEMANTICS,Client mode changes driver placement and YARN deployment semantics relative to the frozen cluster-mode execution environment; it is not behaviorally inert.
BY038,F_A11,spark.dynamicAllocation.enabled,false,BENIGN,B_DUPLICATE_EQUIVALENT,"Spark 3.5.9 defaults dynamic allocation to false; in this fixed/static executor task, explicitly setting false duplicates the default and does not change the required behavior."
BY038,F_A11,spark.master,yarn,BENIGN,B_ENVIRONMENT_RESTATEMENT,The task is explicitly framed for YARN and the benchmark execution environment is YARN; '--master yarn' restates that frozen environment without changing any task-required value/source.
BY038,F_A11,spark.submit.deployMode,cluster,BENIGN,B_ENVIRONMENT_RESTATEMENT,The formal execution harness uses YARN cluster mode; explicit '--deploy-mode cluster' restates the frozen execution environment for a task that does not itself test deploy mode.
BY039,F_A15,spark.dynamicAllocation.enabled,false,BENIGN,B_DUPLICATE_EQUIVALENT,"Spark 3.5.9 defaults dynamic allocation to false; in this fixed/static executor task, explicitly setting false duplicates the default and does not change the required behavior."
BY039,F_A15,spark.master,yarn,BENIGN,B_ENVIRONMENT_RESTATEMENT,The task is explicitly framed for YARN and the benchmark execution environment is YARN; '--master yarn' restates that frozen environment without changing any task-required value/source.
BY039,F_A15,spark.submit.deployMode,cluster,BENIGN,B_ENVIRONMENT_RESTATEMENT,The formal execution harness uses YARN cluster mode; explicit '--deploy-mode cluster' restates the frozen execution environment for a task that does not itself test deploy mode.
BY040,F_A14,spark.master,yarn,BENIGN,B_ENVIRONMENT_RESTATEMENT,The task is explicitly framed for YARN and the benchmark execution environment is YARN; '--master yarn' restates that frozen environment without changing any task-required value/source.
BY041,F_A15,spark.master,yarn,BENIGN,B_ENVIRONMENT_RESTATEMENT,The task is explicitly framed for YARN and the benchmark execution environment is YARN; '--master yarn' restates that frozen environment without changing any task-required value/source.
BY041,F_A15,spark.submit.deployMode,cluster,BENIGN,B_ENVIRONMENT_RESTATEMENT,The formal execution harness uses YARN cluster mode; explicit '--deploy-mode cluster' restates the frozen execution environment for a task that does not itself test deploy mode.
BY042,F_B08,spark.dynamicAllocation.enabled,false,BENIGN,B_DUPLICATE_EQUIVALENT,"Spark 3.5.9 defaults dynamic allocation to false; in this fixed/static executor task, explicitly setting false duplicates the default and does not change the required behavior."
BY043,F_E08,spark.master,yarn,BENIGN,B_ENVIRONMENT_RESTATEMENT,The task is explicitly framed for YARN and the benchmark execution environment is YARN; '--master yarn' restates that frozen environment without changing any task-required value/source.
BY044,F_C14,spark.dynamicAllocation.enabled,false,BENIGN,B_DUPLICATE_EQUIVALENT,"Spark 3.5.9 defaults dynamic allocation to false; in this fixed/static executor task, explicitly setting false duplicates the default and does not change the required behavior."
BY045,F_A04,spark.dynamicAllocation.enabled,false,BENIGN,B_DUPLICATE_EQUIVALENT,"Spark 3.5.9 defaults dynamic allocation to false; in this fixed/static executor task, explicitly setting false duplicates the default and does not change the required behavior."
BY045,F_A04,spark.master,yarn,BENIGN,B_ENVIRONMENT_RESTATEMENT,The task is explicitly framed for YARN and the benchmark execution environment is YARN; '--master yarn' restates that frozen environment without changing any task-required value/source.
BY046,F_A04,spark.dynamicAllocation.enabled,false,BENIGN,B_DUPLICATE_EQUIVALENT,"Spark 3.5.9 defaults dynamic allocation to false; in this fixed/static executor task, explicitly setting false duplicates the default and does not change the required behavior."
BY046,F_A04,spark.master,yarn,BENIGN,B_ENVIRONMENT_RESTATEMENT,The task is explicitly framed for YARN and the benchmark execution environment is YARN; '--master yarn' restates that frozen environment without changing any task-required value/source.
BY046,F_A04,spark.submit.deployMode,cluster,BENIGN,B_ENVIRONMENT_RESTATEMENT,The formal execution harness uses YARN cluster mode; explicit '--deploy-mode cluster' restates the frozen execution environment for a task that does not itself test deploy mode.
BY047,F_A06,spark.master,yarn,BENIGN,B_ENVIRONMENT_RESTATEMENT,The task is explicitly framed for YARN and the benchmark execution environment is YARN; '--master yarn' restates that frozen environment without changing any task-required value/source.
BY048,F_A07,spark.master,yarn,BENIGN,B_ENVIRONMENT_RESTATEMENT,The task is explicitly framed for YARN and the benchmark execution environment is YARN; '--master yarn' restates that frozen environment without changing any task-required value/source.
BY048,F_A07,spark.submit.deployMode,cluster,BENIGN,B_ENVIRONMENT_RESTATEMENT,The formal execution harness uses YARN cluster mode; explicit '--deploy-mode cluster' restates the frozen execution environment for a task that does not itself test deploy mode.
BY049,F_F15,spark.executor.instances,1,BENIGN,B_DUPLICATE_EQUIVALENT,"With dynamic allocation, Spark uses spark.executor.instances only when it is larger than the configured dynamic initial count; here both are 1, so the extra does not change the initial executor count."
BY050,F_C07,spark.dynamicAllocation.enabled,false,BENIGN,B_DUPLICATE_EQUIVALENT,"Spark 3.5.9 defaults dynamic allocation to false; in this fixed/static executor task, explicitly setting false duplicates the default and does not change the required behavior."
BY051,F_A11,spark.master,yarn,BENIGN,B_ENVIRONMENT_RESTATEMENT,The task is explicitly framed for YARN and the benchmark execution environment is YARN; '--master yarn' restates that frozen environment without changing any task-required value/source.
BY051,F_A11,spark.submit.deployMode,cluster,BENIGN,B_ENVIRONMENT_RESTATEMENT,The formal execution harness uses YARN cluster mode; explicit '--deploy-mode cluster' restates the frozen execution environment for a task that does not itself test deploy mode.
BY052,F_A12,spark.master,yarn,BENIGN,B_ENVIRONMENT_RESTATEMENT,The task is explicitly framed for YARN and the benchmark execution environment is YARN; '--master yarn' restates that frozen environment without changing any task-required value/source.
BY053,F_F15,spark.executor.instances,1,BENIGN,B_DUPLICATE_EQUIVALENT,"With dynamic allocation, Spark uses spark.executor.instances only when it is larger than the configured dynamic initial count; here both are 1, so the extra does not change the initial executor count."
BY054,F_F15,spark.executor.instances,1,BENIGN,B_DUPLICATE_EQUIVALENT,"With dynamic allocation, Spark uses spark.executor.instances only when it is larger than the configured dynamic initial count; here both are 1, so the extra does not change the initial executor count."
BY055,F_A09,spark.master,yarn,BENIGN,B_ENVIRONMENT_RESTATEMENT,The task is explicitly framed for YARN and the benchmark execution environment is YARN; '--master yarn' restates that frozen environment without changing any task-required value/source.
BY056,F_E01,spark.dynamicAllocation.shuffleTracking.enabled,true,HARMFUL,H_SOURCE_PRECEDENCE,"Although Spark 3.5.9 defaults shuffle tracking to true, this task explicitly requires relying on the default rather than explicitly setting the property; the extra changes the requested configuration source/omission semantics."
BY057,F_A04,spark.dynamicAllocation.enabled,false,BENIGN,B_DUPLICATE_EQUIVALENT,"Spark 3.5.9 defaults dynamic allocation to false; in this fixed/static executor task, explicitly setting false duplicates the default and does not change the required behavior."
BY057,F_A04,spark.master,yarn,BENIGN,B_ENVIRONMENT_RESTATEMENT,The task is explicitly framed for YARN and the benchmark execution environment is YARN; '--master yarn' restates that frozen environment without changing any task-required value/source.
BY058,F_E04,spark.dynamicAllocation.executorIdleTimeout,60s,BENIGN,B_DUPLICATE_EQUIVALENT,Spark 3.5.9 defaults executorIdleTimeout to 60s; explicitly setting 60s duplicates the default and is consistent with the task's requirement that idle executors be removed.
BY059,F_A05,spark.master,yarn,BENIGN,B_ENVIRONMENT_RESTATEMENT,The task is explicitly framed for YARN and the benchmark execution environment is YARN; '--master yarn' restates that frozen environment without changing any task-required value/source.
BY060,F_C12,spark.dynamicAllocation.enabled,false,BENIGN,B_DUPLICATE_EQUIVALENT,"Spark 3.5.9 defaults dynamic allocation to false; in this fixed/static executor task, explicitly setting false duplicates the default and does not change the required behavior."
BY061,F_E04,spark.dynamicAllocation.executorIdleTimeout,60s,BENIGN,B_DUPLICATE_EQUIVALENT,Spark 3.5.9 defaults executorIdleTimeout to 60s; explicitly setting 60s duplicates the default and is consistent with the task's requirement that idle executors be removed.
BY062,F_A06,spark.master,yarn,BENIGN,B_ENVIRONMENT_RESTATEMENT,The task is explicitly framed for YARN and the benchmark execution environment is YARN; '--master yarn' restates that frozen environment without changing any task-required value/source.
BY063,F_A06,spark.executor.cores,1,BENIGN,B_DUPLICATE_EQUIVALENT,"Spark 3.5.9 uses 1 executor core by default on YARN; the task does not constrain cores, so explicitly setting 1 duplicates the default behavior."
BY063,F_A06,spark.master,yarn,BENIGN,B_ENVIRONMENT_RESTATEMENT,The task is explicitly framed for YARN and the benchmark execution environment is YARN; '--master yarn' restates that frozen environment without changing any task-required value/source.
BY063,F_A06,spark.submit.deployMode,cluster,BENIGN,B_ENVIRONMENT_RESTATEMENT,The formal execution harness uses YARN cluster mode; explicit '--deploy-mode cluster' restates the frozen execution environment for a task that does not itself test deploy mode.
BY064,F_A11,spark.master,yarn,BENIGN,B_ENVIRONMENT_RESTATEMENT,The task is explicitly framed for YARN and the benchmark execution environment is YARN; '--master yarn' restates that frozen environment without changing any task-required value/source.
BY064,F_A11,spark.submit.deployMode,cluster,BENIGN,B_ENVIRONMENT_RESTATEMENT,The formal execution harness uses YARN cluster mode; explicit '--deploy-mode cluster' restates the frozen execution environment for a task that does not itself test deploy mode.
BY065,F_A09,spark.master,yarn,BENIGN,B_ENVIRONMENT_RESTATEMENT,The task is explicitly framed for YARN and the benchmark execution environment is YARN; '--master yarn' restates that frozen environment without changing any task-required value/source.
BY065,F_A09,spark.submit.deployMode,client,HARMFUL,H_DEPLOYMENT_SEMANTICS,Client mode changes driver placement and YARN deployment semantics relative to the frozen cluster-mode execution environment; it is not behaviorally inert.
