"model","condition","category","success","n","percent","wilson_low_percent","wilson_high_percent"
"Qwen","C0","A",8,15,53.3333333333333,30.1169800254984,75.1904646342626
"Qwen","C0","B",1,15,6.66666666666667,1.18668954932686,29.81652987378
"Qwen","C0","C",1,15,6.66666666666667,1.18668954932686,29.81652987378
"Qwen","C0","D",12,15,80,54.8145512848306,92.9524506530184
"Qwen","C0","E",1,15,6.66666666666667,1.18668954932686,29.81652987378
"Qwen","C0","F",0,15,0,0,20.3883301035849
"Qwen","C1","A",15,15,100,79.6116698964151,100
"Qwen","C1","B",3,15,20,7.04754934698155,45.1854487151694
"Qwen","C1","C",13,15,86.6666666666667,62.1180171676776,96.2638740896935
"Qwen","C1","D",14,15,93.3333333333333,70.18347012622,98.8133104506731
"Qwen","C1","E",11,15,73.3333333333333,48.0495659440194,89.1025466743076
"Qwen","C1","F",6,15,40,19.8244961413416,64.2531698793754
"DeepSeek","C0","A",14,15,93.3333333333333,70.18347012622,98.8133104506731
"DeepSeek","C0","B",15,15,100,79.6116698964151,100
"DeepSeek","C0","C",11,15,73.3333333333333,48.0495659440194,89.1025466743076
"DeepSeek","C0","D",15,15,100,79.6116698964151,100
"DeepSeek","C0","E",10,15,66.6666666666667,41.7135477385198,84.8236755602853
"DeepSeek","C0","F",9,15,60,35.7468301206246,80.1755038586584
"DeepSeek","C1","A",15,15,100,79.6116698964151,100
"DeepSeek","C1","B",15,15,100,79.6116698964151,100
"DeepSeek","C1","C",15,15,100,79.6116698964151,100
"DeepSeek","C1","D",15,15,100,79.6116698964151,100
"DeepSeek","C1","E",13,15,86.6666666666667,62.1180171676776,96.2638740896935
"DeepSeek","C1","F",15,15,100,79.6116698964151,100
"GPT","C0","A",14,15,93.3333333333333,70.18347012622,98.8133104506731
"GPT","C0","B",15,15,100,79.6116698964151,100
"GPT","C0","C",15,15,100,79.6116698964151,100
"GPT","C0","D",15,15,100,79.6116698964151,100
"GPT","C0","E",13,15,86.6666666666667,62.1180171676776,96.2638740896935
"GPT","C0","F",14,15,93.3333333333333,70.18347012622,98.8133104506731
"GPT","C1","A",15,15,100,79.6116698964151,100
"GPT","C1","B",15,15,100,79.6116698964151,100
"GPT","C1","C",15,15,100,79.6116698964151,100
"GPT","C1","D",15,15,100,79.6116698964151,100
"GPT","C1","E",14,15,93.3333333333333,70.18347012622,98.8133104506731
"GPT","C1","F",14,15,93.3333333333333,70.18347012622,98.8133104506731
