"term","estimate_log_odds","std_error","z_value","p_value","odds_ratio","ci_low_or","ci_high_or"
"(Intercept)",-0.0727533921050632,0.593147789175097,-0.122656433072511,0.902379164648853,0.929830105198989,0.290740820788004,2.97372767329697
"model_fDeepSeek",4.45101148431145,0.664496227071292,6.69832469016248,2.10822435987568e-11,85.7135981299534,23.3033908319541,315.268321136726
"model_fGPT",6.3458920892421,0.8714741085932,7.28179073442138,3.29417802687424e-13,570.145783835436,103.317093460392,3146.29655111177
"condition_fC1",3.36785303632865,0.585710023267091,5.75003483386328,8.92250639119386e-09,29.0161634867035,9.20605473287161,91.45478360897
"category_fB",-3.02263545961733,0.832149989025292,-3.63232049447935,0.000280883960178662,0.0486727740509848,0.00952677105132174,0.248671760983438
"category_fC",-2.14455080020404,0.803434746589082,-2.66922834655653,0.00760257442970458,0.11712063579527,0.024251352171137,0.565627979515879
"category_fD",1.51340176937625,0.919803264552796,1.64535377041965,0.0998968771940239,4.5421559099729,0.748703204890779,27.5558861986058
"category_fE",-3.2318457982152,0.828291190589082,-3.90182321740825,9.5470873498093e-05,0.0394845509719228,0.00778702391093506,0.200208678345661
"category_fF",-3.71117394183098,0.844241423062668,-4.39586810176631,1.10330917960122e-05,0.0244488049432869,0.00467331256045953,0.12790586022693
"model_fDeepSeek:condition_fC1",-0.681089638886119,0.968754458716294,-0.703057036546327,0.482020205299008,0.506065263437576,0.0757854939021899,3.37930173271251
"model_fGPT:condition_fC1",-2.57596985993665,1.08249049542375,-2.37966972534781,0.0173281611049659,0.0760800000614992,0.00911666491458074,0.634899545348038
